Regional Virtual Station Name,Marker Longitude,Marker Latitude
"Aruba, Curacao, and Bonaire",-69.125,12.3
"Abrolhos Reefs, Brazil",-39,-17.225
"Aden, Yemen",44.925,12.775
"Al Wusta, Oman",57.9,19.625
"Andaman, India",93.15,12.725
Austral Islands,-149.1,-24.825
Bahrain,50.75,26.125
Bangka-Belitung Islands,107,-2.3
"Bassas da India, France",40.025,-21.9
Beagle Gulf,130.425,-12.775
Belize,-88.075,17.025
Bermuda,-64.825,32.35
Brunei Darussalam,114.675,5.025
"Buzios, Brazil",-41.8,-22.725
Cape Verde Islands,-24.025,15.975
Cayman Islands,-80.575,19.5
Central Bahamas,-77.425,23.9
Central Mozambique,39.55,-16.2
Central Philippines,122.225,13.95
Central Western Australia,116.9,-20.7
"Chagos Archipelago, UK",71.75,-6.2
Chesterfield Islands,158.9,-20.4
"Christmas Island, Australia",105.575,-10.375
"Clipperton Island, France",-109.2,10.3
Colombia Atlantic,-75.525,9.925
Comoros,43.8,-11.9
"Costa dos Corais, Brazil",-35.525,-9.25
Costa Rica Atlantic,-82.85,9.9
Costa Rica Pacific,-84.425,9.5
"Dhofar, Oman",55.5,17.375
"Dongsha, Taiwan",116.225,20.975
Eastern Gulf of Thailand,102.5,11.25
East Java and Bali,114.1,-6.95
East Kalimantan,117.925,0.625
East Nusa Tenggara,122.05,-9.325
"Easter Island, Chile",-109.325,-27.175
Eastern FSM,153,5.15
Eastern New Caledonia,165.975,-20.75
Eastern Persian Gulf,54.05,25.925
Eastern Philippines,123.9,10.95
Eastern Sri Lanka,81.575,8.075
Eastern Yemen,49.675,14.475
Egypt,35.575,24.325
El Salvador,-87.75,13.175
Eritrea,40.75,15.525
"Fernando de Noronha, Brazil",-33.1,-3.875
Fiji,179.35,-16.775
Florida Keys,-81.625,24.75
"Flower Garden Banks, Texas",-93.975,28.05
"Galapagos, Ecuador",-90.625,0.15
Central GBR,148.275,-19.225
Far Northern GBR,144.1,-12.675
Northern GBR,145.975,-16.1
Southern GBR,151.125,-22.625
"Gilbert Islands, Kiribati",173.2,0.35
Glorioso Islands,46.775,-11.975
"Great Nicobar, India",93.325,8.025
Guam,144.625,13.15
Gulf of Aqaba,34.625,28.6
Gulf of Carpentaria,138.85,-14.5
"Gulf of Kutch, India",69.575,22.225
Gulf of Mannar,78.975,8.85
Gulf of Oman,58.5,24.1
Gulf of Suez,33.35,28.4
"Gulf of Tadjoura, Djubouti",43.3,11.775
"Hainan Island, China",109.85,19.125
Hamelin Pool,113.95,-26.1
Main Hawaiian Islands,-157.7,20.575
Honduras,-85.85,16.7
"Hong Kong, China",114.375,22.25
Houtman Abrolhos,113.85,-28.5
Howland and Baker,-176.525,0.5
"Inhambane, Mozambique",35.975,-23
"Isla del Coco, Costa Rica",-87.075,5.55
Jamaica,-77.25,17.675
"Jazan, Saudi Arabia",41.8,17.175
Johnston Atoll,-169.475,16.7
"Johor and Pahang, Malaysia",104.2,2.25
Kenya,40.525,-3.2
"Kerala, India",76.3,9.9
"La Guajira, Colombia",-71.925,12.075
"Lakshadweep, India",72.875,10.325
Lampung and Banten,105.075,-5.925
Leeward Caribbean Islands,-62.325,16.775
"Lord Howe Island, Australia",159.225,-31.275
Al Madinah and Makkah,39.45,21.125
"Malacca Strait, Malaysia",101.35,3.225
Maldives,72.95,3.3
"Maluku, Indonesia",130.425,-5.55
"Maputo, Mozambique",33.275,-26.15
"Maracajau, Brazil",-35.125,-6.1
Marmion and Rottnest Island,115.5,-31.925
Marquesas Islands,-139.625,-9.275
Marshall Islands,167.1,8.45
"Mayotte, France",45.4,-12.925
"Moreton Bay, Australia",153.575,-27.075
Nauru,166.925,-0.525
Nearshore Venezuela,-66.275,10.625
Nicaragua,-81.75,14.125
Ningaloo,113.9,-23.225
"Norfolk Island, Australia",167.95,-29.05
"North Maluku, Indonesia",126.7,0.125
North Sulawesi,125.075,2.575
North Western Australia,124.775,-15.75
Northeastern Cuba,-75.925,21.225
Northeastern Madagascar,49.875,-15.325
Northern Bahamas,-77.95,26.5
"Northern Borneo, Malaysia",113.425,3.85
Northern Mariana Islands,145.55,17.25
Northern Cook Islands,-165.2,-10.95
Northern Coral Sea Islands,149.35,-16
Northern Hispaniola,-70.675,19.325
Northern Java,109.525,-6.225
Northern Line Islands,-159.8,3.025
Northern Mauritius,58.675,-10.575
Northern Mozambique,41,-12.625
Northern Myanmar,93.5,18.15
Northern Philippines,121.125,17.75
"Northern Ryukyu Islands, Japan",129,28.3
Northern Taiwan,121.725,25.1
Northern Territory,134.3,-10.975
Northern Tonga,-175.2,-15.8
Northern Vietnam,107.475,18.1
Northwestern Cuba,-81.275,22.65
Northwestern Madagascar,46.8,-14.05
Northwestern Sumatra,97.225,2.95
Northwestern Hawaiian Islands,-170.125,25.675
Offshore Venezuela,-65.35,11.425
Ogasawara Islands,142.175,27.125
Palau,134.425,7.675
Panama Atlantic East,-78.7,9.2
Panama Atlantic West,-81.65,9.2
Panama Pacific East,-79.325,8.175
Panama Pacific West,-82.25,7.725
Papua New Guinea,151.15,-6.425
"Paracel Islands, China",112.025,16.45
"Phoenix Islands, Kiribati",-172.825,-3.15
Pitcairn Islands,-129.575,-24.35
Puerto Rico,-66.625,18.2
"Pulu Keeling, Australia",96.9,-12.025
"Quintana Roo, Mexico",-87.4,19.925
Riau Islands,107.4,2.475
Rowley Shoals,119.25,-17.325
"Sabah, Malaysia",117.2,5.8
Samoas,-170.475,-12.825
Sao Tome and Principe,6.95,0.825
Scott to Ashmore Reefs,122.625,-13.475
Seychelles,51.325,-7
Shark Bay,113,-25.475
Singapore Strait,104.15,0.2
Society Archipelago,-151.375,-16.95
"Socotra, Yemen",53.25,12.425
Solomon Islands,162.175,-8.7
Somalia,44.075,0.575
South Africa,32.725,-27.775
South Sulawesi,119.625,-5.325
Southeast Florida,-80.075,26.3
South East Sulawesi,122.75,-5
Southeastern Cuba,-77.025,20.675
Southeastern India,80.15,11.7
Southeastern Madagascar,47.75,-22.35
Southern Borneo,116.55,-3.575
Southern Cook Islands,-163.625,-19.975
Southern Coral Sea Islands,153.975,-21.1
Southern Hispaniola,-71.775,18.65
Southern Java,108.4,-7.65
Southern Line Islands,-153.075,-7.7
Southern Mauritius,60.45,-18.75
Southern Myanmar,97.9,12.175
Southern Philippines,122.9,7.4
"Southern Ryukyu Islands, Japan",124.2,24.975
Southern Sri Lanka,80.65,6.3
Southern Taiwan,120.55,22.875
Southern Tonga,-175.05,-19.95
Southern Vietnam,108.125,11.3
Southwestern Cuba,-82.475,21.75
Southwestern Madagascar,44.05,-22.675
Southwestern Sumatra,100.4,-2.875
Southwestern Thailand,98.875,7.675
Spratly Islands,113.75,7.95
Sudan,37.625,20.4
Central Sulawesi and Gorontalo,123.025,-1.05
"Tabuk, Saudi Arabia",36.175,26
Tanzania,39.725,-7.575
"Terengganu, Malaysia",103.15,5.375
Timor-Leste,127.225,-8.325
"Todos os Santos, Brazil",-38.375,-13.375
Torres Strait,143.65,-9.95
"Trinadade and Martim Vaz, Brazil",-29.125,-20.475
Trinidad and Tobago,-60.725,10.875
"Tromelin and Reunion, France",54.975,-18.625
Tuamotu Archipelago,-141.5,-18.975
Turks and Caicos,-72.725,22
Tuvalu,177.975,-7.525
Virgin Islands,-64.55,18.2
Vanuatu,168.375,-16.65
"Veracruz, Mexico",-96.075,20.35
Wake Atoll,166.8,19.3
Wallis and Futuna,-176.9,-13.625
Western Gulf of Thailand,99.75,10.9
West Kalimantan,109.375,-1.05
West Nusa Tenggara,117.625,-8.625
West Papua,133.9,-1.625
West Sulawesi,119.075,-2.275
West Timor,123.775,-9.925
Western FSM,139.45,9.1
Western India,72.2,17.675
Western Madagascar,43.45,-17.45
Western New Caledonia,165.075,-21.025
Western Persian Gulf,49.375,28.325
Western Philippines,119.225,10.5
Western Yemen,42.6,14.35
Windward Caribbean Islands,-60.475,13.4
Yucatan Peninsula,-90.325,21.3